{
  "total_time": 82.92219305038452,
  "total_requests": 10000,
  "successful": 8500,
  "failed": 1500,
  "timeouts": 0,
  "requests_per_second": 120.59497743775155,
  "response_times": {
    "min_ms": 6.197929382324219,
    "max_ms": 5768.616437911987,
    "mean_ms": 827.1580240011215,
    "p50_ms": 702.0254135131836,
    "p90_ms": 1391.6738033294678,
    "p95_ms": 1652.3234844207764,
    "p99_ms": 2453.3135890960693
  },
  "container_metrics": {
    "cpu_app1:8000": {
      "min": 0.3018056620760948,
      "max": 82.36653776059032,
      "avg": 45.962875865502426
    },
    "cpu_app2:8000": {
      "min": 0.30805655595571474,
      "max": 83.55926930085782,
      "avg": 45.82192989131556
    },
    "cpu_total": {
      "min": 0.3018056620760948,
      "max": 83.55926930085782,
      "avg": 45.892402878408994,
      "median": 49.65039465472273
    },
    "ram_app1:8000": {
      "min": 68.1484375,
      "max": 79.0234375,
      "avg": 75.31510416666667
    },
    "ram_app2:8000": {
      "min": 67.453125,
      "max": 76.578125,
      "avg": 74.16145833333333
    },
    "ram_total": {
      "min": 67.453125,
      "max": 79.0234375,
      "avg": 74.73828125,
      "median": 76.30078125
    }
  },
  "status_codes": {
    "200": 8500,
    "400": 1500
  },
  "errors": {}
}