{
  "total_time": 79.09669995307922,
  "total_requests": 10000,
  "successful": 9944,
  "failed": 56,
  "timeouts": 0,
  "requests_per_second": 126.42752486427472,
  "response_times": {
    "min_ms": 50.092220306396484,
    "max_ms": 13265.859603881836,
    "mean_ms": 769.2371633291244,
    "median_ms": 335.5478048324585,
    "p95_ms": 3498.5477924346924,
    "p99_ms": 7506.246328353882
  },
  "status_codes": {
    "200": 9944,
    "500": 56
  },
  "errors": {}
}